Fact id,Fact,SF,Fact_readable,SF_readable,Fact actions,Recourse,sparsity,fidelity,exceptionality,uncertainty,num_cfs,Value,Found
65,"[11.0, 13.0, 2.0, 1.0, 2.0, 1.0, 1.0]","[0.0, 13.0, 2.0, 1.0, 2.0, 1.0, 1.0]","Agent: 11.0 Monster: 13.0 Trees: [{2: 2}, {7: 1}, {12: 2}, {17: 1}, {22: 1}]","Agent: 0.0 Monster: 13.0 Trees: [{2: 2}, {7: 1}, {12: 2}, {17: 1}, {22: 1}]","[0, 1, 1]","[3, 2, 3]",1.0,0.05334810664256414,0.75,1.0,False,0,1
65,"[11.0, 13.0, 2.0, 1.0, 2.0, 1.0, 1.0]","[0.0, 13.0, 2.0, 1.0, 2.0, 1.0, 1.0]","Agent: 11.0 Monster: 13.0 Trees: [{2: 2}, {7: 1}, {12: 2}, {17: 1}, {22: 1}]","Agent: 0.0 Monster: 13.0 Trees: [{2: 2}, {7: 1}, {12: 2}, {17: 1}, {22: 1}]","[0, 1, 1]","[4, 2, 4]",1.0,0.14248972634474436,1.0,0.2,False,0,1
151,"[16.0, 19.0, 2.0, 2.0, 0.0, 0.0, 0.0]","[0.0, 19.0, 2.0, 2.0, 0.0, 0.0, 0.0]","Agent: 16.0 Monster: 19.0 Trees: [{2: 2}, {7: 2}]","Agent: 0.0 Monster: 19.0 Trees: [{2: 2}, {7: 2}]","[1, 0, 4]",,1.0,1.0,1.0,1.0,1,0,0
180,"[21.0, 23.0, 1.0, 1.0, 2.0, 2.0, 1.0]","[11.0, 23.0, 1.0, 1.0, 2.0, 2.0, 1.0]","Agent: 21.0 Monster: 23.0 Trees: [{2: 1}, {7: 1}, {12: 2}, {17: 2}, {22: 1}]","Agent: 11.0 Monster: 23.0 Trees: [{2: 1}, {7: 1}, {12: 2}, {17: 2}, {22: 1}]","[1, 1, 1]","[3, 3, -1]",0.6666666666666666,0.02832356933504343,1.0,1.0,False,0,1
180,"[21.0, 23.0, 1.0, 1.0, 2.0, 2.0, 1.0]","[11.0, 23.0, 1.0, 1.0, 2.0, 2.0, 1.0]","Agent: 21.0 Monster: 23.0 Trees: [{2: 1}, {7: 1}, {12: 2}, {17: 2}, {22: 1}]","Agent: 11.0 Monster: 23.0 Trees: [{2: 1}, {7: 1}, {12: 2}, {17: 2}, {22: 1}]","[1, 1, 1]","[1, 4, 0]",1.0,0.30102955053249997,0.8333333333333334,0.1,False,0,1
183,"[11.0, 13.0, 1.0, 2.0, 0.0, 2.0, 1.0]","[1.0, 13.0, 1.0, 2.0, 0.0, 2.0, 1.0]","Agent: 11.0 Monster: 13.0 Trees: [{2: 1}, {7: 2}, {17: 2}, {22: 1}]","Agent: 1.0 Monster: 13.0 Trees: [{2: 1}, {7: 2}, {17: 2}, {22: 1}]","[1, 1, 4]","[4, 3, 3]",1.0,0.05286598981668552,0.6805555555555557,0.3,False,0,1
185,"[16.0, 19.0, 2.0, 0.0, 2.0, 0.0, 2.0]","[11.0, 19.0, 2.0, 0.0, 2.0, 0.0, 2.0]","Agent: 16.0 Monster: 19.0 Trees: [{2: 2}, {12: 2}, {22: 2}]","Agent: 11.0 Monster: 19.0 Trees: [{2: 2}, {12: 2}, {22: 2}]","[1, 1, 1]","[3, 1, 3]",1.0,0.28363324888050556,1.0,0.2,False,0,1
185,"[16.0, 19.0, 2.0, 0.0, 2.0, 0.0, 2.0]","[11.0, 19.0, 2.0, 0.0, 2.0, 0.0, 2.0]","Agent: 16.0 Monster: 19.0 Trees: [{2: 2}, {12: 2}, {22: 2}]","Agent: 11.0 Monster: 19.0 Trees: [{2: 2}, {12: 2}, {22: 2}]","[1, 1, 1]","[-1, 1, 1]",0.6666666666666666,0.5864159166812897,1.0,0.1,False,0,1
226,"[6.0, 8.0, 0.0, 0.0, 2.0, 1.0, 2.0]","[5.0, 8.0, 0.0, 0.0, 2.0, 1.0, 2.0]","Agent: 6.0 Monster: 8.0 Trees: [{12: 2}, {17: 1}, {22: 2}]","Agent: 5.0 Monster: 8.0 Trees: [{12: 2}, {17: 1}, {22: 2}]","[3, 3, 4]","[2, 2, -1]",0.6666666666666666,0.10377521440386772,1.0,0.2,False,0,1
234,"[16.0, 18.0, 2.0, 2.0, 0.0, 2.0, 0.0]","[11.0, 18.0, 2.0, 2.0, 0.0, 2.0, 0.0]","Agent: 16.0 Monster: 18.0 Trees: [{2: 2}, {7: 2}, {17: 2}]","Agent: 11.0 Monster: 18.0 Trees: [{2: 2}, {7: 2}, {17: 2}]","[1, 1, 1]","[0, 0, 3]",1.0,0.10752550636728604,1.0,0.2,False,0,1
234,"[16.0, 18.0, 2.0, 2.0, 0.0, 2.0, 0.0]","[11.0, 18.0, 2.0, 2.0, 0.0, 2.0, 0.0]","Agent: 16.0 Monster: 18.0 Trees: [{2: 2}, {7: 2}, {17: 2}]","Agent: 11.0 Monster: 18.0 Trees: [{2: 2}, {7: 2}, {17: 2}]","[1, 1, 1]","[1, 1, 5]",1.0,0.4476320023726051,1.0,0.1,False,0,1
290,"[11.0, 14.0, 1.0, 0.0, 0.0, 0.0, 1.0]","[1.0, 14.0, 1.0, 0.0, 0.0, 0.0, 1.0]","Agent: 11.0 Monster: 14.0 Trees: [{2: 1}, {22: 1}]","Agent: 1.0 Monster: 14.0 Trees: [{2: 1}, {22: 1}]","[1, 0, 4]","[3, 3, 0]",1.0,0.04216128494590521,1.0,0.3,False,0,1
290,"[11.0, 14.0, 1.0, 0.0, 0.0, 0.0, 1.0]","[1.0, 14.0, 1.0, 0.0, 0.0, 0.0, 1.0]","Agent: 11.0 Monster: 14.0 Trees: [{2: 1}, {22: 1}]","Agent: 1.0 Monster: 14.0 Trees: [{2: 1}, {22: 1}]","[1, 0, 4]","[5, 3, 0]",1.0,0.04379433059754471,1.0,0.2,False,0,1
312,"[11.0, 14.0, 1.0, 0.0, 0.0, 1.0, 0.0]","[6.0, 14.0, 1.0, 0.0, 0.0, 1.0, 0.0]","Agent: 11.0 Monster: 14.0 Trees: [{2: 1}, {17: 1}]","Agent: 6.0 Monster: 14.0 Trees: [{2: 1}, {17: 1}]","[0, 1, 4]","[4, 3, 4]",1.0,0.0629500113427639,1.0,0.3,False,0,1
320,"[6.0, 9.0, 1.0, 1.0, 2.0, 0.0, 2.0]","[0.0, 9.0, 1.0, 1.0, 2.0, 0.0, 2.0]","Agent: 6.0 Monster: 9.0 Trees: [{2: 1}, {7: 1}, {12: 2}, {22: 2}]","Agent: 0.0 Monster: 9.0 Trees: [{2: 1}, {7: 1}, {12: 2}, {22: 2}]","[3, 3, 0]","[2, 2, 3]",1.0,0.052484892308712006,1.0,0.6,False,0,1
320,"[6.0, 9.0, 1.0, 1.0, 2.0, 0.0, 2.0]","[0.0, 9.0, 1.0, 1.0, 2.0, 0.0, 2.0]","Agent: 6.0 Monster: 9.0 Trees: [{2: 1}, {7: 1}, {12: 2}, {22: 2}]","Agent: 0.0 Monster: 9.0 Trees: [{2: 1}, {7: 1}, {12: 2}, {22: 2}]","[3, 3, 0]","[3, 3, 3]",1.0,0.28101657641430694,1.0,0.2,False,0,1
375,"[15.0, 19.0, 2.0, 2.0, 2.0, 0.0, 0.0]","[16.0, 19.0, 2.0, 2.0, 2.0, 0.0, 0.0]","Agent: 15.0 Monster: 19.0 Trees: [{2: 2}, {7: 2}, {12: 2}]","Agent: 16.0 Monster: 19.0 Trees: [{2: 2}, {7: 2}, {12: 2}]","[1, 1, 1]","[4, 0, -1]",0.6666666666666666,0.09067700617015362,1.0,0.4,False,0,1
383,"[6.0, 9.0, 1.0, 0.0, 0.0, 2.0, 1.0]","[5.0, 9.0, 1.0, 0.0, 0.0, 2.0, 1.0]","Agent: 6.0 Monster: 9.0 Trees: [{2: 1}, {17: 2}, {22: 1}]","Agent: 5.0 Monster: 9.0 Trees: [{2: 1}, {17: 2}, {22: 1}]","[0, 3, 4]","[3, 2, 1]",1.0,0.2777770447234313,1.0,0.3,False,0,1
397,"[6.0, 8.0, 0.0, 0.0, 2.0, 2.0, 0.0]","[1.0, 8.0, 0.0, 0.0, 2.0, 2.0, 0.0]","Agent: 6.0 Monster: 8.0 Trees: [{12: 2}, {17: 2}]","Agent: 1.0 Monster: 8.0 Trees: [{12: 2}, {17: 2}]","[3, 0, 4]","[3, 3, 4]",1.0,0.06756109620134036,1.0,0.4,False,0,1
493,"[1.0, 3.0, 2.0, 1.0, 0.0, 2.0, 1.0]","[0.0, 3.0, 2.0, 1.0, 0.0, 2.0, 1.0]","Agent: 1.0 Monster: 3.0 Trees: [{2: 2}, {7: 1}, {17: 2}, {22: 1}]","Agent: 0.0 Monster: 3.0 Trees: [{2: 2}, {7: 1}, {17: 2}, {22: 1}]","[3, 0, 3]","[5, 5, 2]",1.0,0.02171864143262307,1.0,0.6,False,0,1
493,"[1.0, 3.0, 2.0, 1.0, 0.0, 2.0, 1.0]","[0.0, 3.0, 2.0, 1.0, 0.0, 2.0, 1.0]","Agent: 1.0 Monster: 3.0 Trees: [{2: 2}, {7: 1}, {17: 2}, {22: 1}]","Agent: 0.0 Monster: 3.0 Trees: [{2: 2}, {7: 1}, {17: 2}, {22: 1}]","[3, 0, 3]","[3, 3, 5]",1.0,0.31801724759861827,0.8888888888888888,0.1,False,0,1
498,"[6.0, 9.0, 2.0, 0.0, 1.0, 0.0, 2.0]","[5.0, 9.0, 2.0, 0.0, 1.0, 0.0, 2.0]","Agent: 6.0 Monster: 9.0 Trees: [{2: 2}, {12: 1}, {22: 2}]","Agent: 5.0 Monster: 9.0 Trees: [{2: 2}, {12: 1}, {22: 2}]","[1, 0, 4]","[1, 2, 3]",1.0,0.26566464609156054,1.0,0.3,False,0,1
510,"[11.0, 13.0, 0.0, 1.0, 2.0, 2.0, 1.0]","[6.0, 13.0, 0.0, 1.0, 2.0, 2.0, 1.0]","Agent: 11.0 Monster: 13.0 Trees: [{7: 1}, {12: 2}, {17: 2}, {22: 1}]","Agent: 6.0 Monster: 13.0 Trees: [{7: 1}, {12: 2}, {17: 2}, {22: 1}]","[3, 3, 0]","[0, 3, -1]",0.6666666666666666,0.10705949366092682,1.0,0.6,False,0,1
533,"[16.0, 18.0, 1.0, 0.0, 1.0, 0.0, 1.0]","[1.0, 18.0, 1.0, 0.0, 1.0, 0.0, 1.0]","Agent: 16.0 Monster: 18.0 Trees: [{2: 1}, {12: 1}, {22: 1}]","Agent: 1.0 Monster: 18.0 Trees: [{2: 1}, {12: 1}, {22: 1}]","[1, 1, 4]","[3, 3, 3]",1.0,0.026215168026586372,1.0,0.5,False,0,1
533,"[16.0, 18.0, 1.0, 0.0, 1.0, 0.0, 1.0]","[1.0, 18.0, 1.0, 0.0, 1.0, 0.0, 1.0]","Agent: 16.0 Monster: 18.0 Trees: [{2: 1}, {12: 1}, {22: 1}]","Agent: 1.0 Monster: 18.0 Trees: [{2: 1}, {12: 1}, {22: 1}]","[1, 1, 4]","[3, 2, 0]",1.0,0.10307585385938485,1.0,0.4,False,0,1
611,"[11.0, 13.0, 2.0, 2.0, 2.0, 1.0, 0.0]","[5.0, 13.0, 2.0, 2.0, 2.0, 1.0, 0.0]","Agent: 11.0 Monster: 13.0 Trees: [{2: 2}, {7: 2}, {12: 2}, {17: 1}]","Agent: 5.0 Monster: 13.0 Trees: [{2: 2}, {7: 2}, {12: 2}, {17: 1}]","[3, 0, 3]","[2, 3, 2]",1.0,0.09262186537186305,1.0,0.7,False,0,1
611,"[11.0, 13.0, 2.0, 2.0, 2.0, 1.0, 0.0]","[5.0, 13.0, 2.0, 2.0, 2.0, 1.0, 0.0]","Agent: 11.0 Monster: 13.0 Trees: [{2: 2}, {7: 2}, {12: 2}, {17: 1}]","Agent: 5.0 Monster: 13.0 Trees: [{2: 2}, {7: 2}, {12: 2}, {17: 1}]","[3, 0, 3]","[3, 3, 3]",1.0,0.27189988642930984,1.0,0.2,False,0,1
632,"[21.0, 23.0, 1.0, 0.0, 2.0, 1.0, 0.0]","[6.0, 23.0, 1.0, 0.0, 2.0, 1.0, 0.0]","Agent: 21.0 Monster: 23.0 Trees: [{2: 1}, {12: 2}, {17: 1}]","Agent: 6.0 Monster: 23.0 Trees: [{2: 1}, {12: 2}, {17: 1}]","[1, 0, 4]","[3, 3, 3]",1.0,0.020474970961610477,0.6944444444444443,0.4,False,0,1
658,"[11.0, 14.0, 0.0, 1.0, 2.0, 1.0, 2.0]","[1.0, 14.0, 0.0, 1.0, 2.0, 1.0, 2.0]","Agent: 11.0 Monster: 14.0 Trees: [{7: 1}, {12: 2}, {17: 1}, {22: 2}]","Agent: 1.0 Monster: 14.0 Trees: [{7: 1}, {12: 2}, {17: 1}, {22: 2}]","[1, 1, 0]","[3, 3, -1]",0.6666666666666666,0.07090272568166256,1.0,0.9,False,0,1
658,"[11.0, 14.0, 0.0, 1.0, 2.0, 1.0, 2.0]","[1.0, 14.0, 0.0, 1.0, 2.0, 1.0, 2.0]","Agent: 11.0 Monster: 14.0 Trees: [{7: 1}, {12: 2}, {17: 1}, {22: 2}]","Agent: 1.0 Monster: 14.0 Trees: [{7: 1}, {12: 2}, {17: 1}, {22: 2}]","[1, 1, 0]","[3, 0, 5]",1.0,0.14979308385712406,1.0,0.2,False,0,1
669,"[21.0, 23.0, 0.0, 1.0, 2.0, 1.0, 0.0]","[20.0, 23.0, 0.0, 1.0, 2.0, 1.0, 0.0]","Agent: 21.0 Monster: 23.0 Trees: [{7: 1}, {12: 2}, {17: 1}]","Agent: 20.0 Monster: 23.0 Trees: [{7: 1}, {12: 2}, {17: 1}]","[0, 1, 4]","[4, 2, 1]",1.0,0.07686429346601169,0.38095238095238093,0.1,False,0,1
673,"[6.0, 9.0, 1.0, 0.0, 1.0, 1.0, 1.0]","[5.0, 9.0, 1.0, 0.0, 1.0, 1.0, 1.0]","Agent: 6.0 Monster: 9.0 Trees: [{2: 1}, {12: 1}, {17: 1}, {22: 1}]","Agent: 5.0 Monster: 9.0 Trees: [{2: 1}, {12: 1}, {17: 1}, {22: 1}]","[3, 0, 4]","[1, 3, 2]",1.0,0.24907547111312547,1.0,0.6,False,0,1
682,"[11.0, 13.0, 1.0, 2.0, 2.0, 1.0, 2.0]","[5.0, 13.0, 1.0, 2.0, 2.0, 1.0, 2.0]","Agent: 11.0 Monster: 13.0 Trees: [{2: 1}, {7: 2}, {12: 2}, {17: 1}, {22: 2}]","Agent: 5.0 Monster: 13.0 Trees: [{2: 1}, {7: 2}, {12: 2}, {17: 1}, {22: 2}]","[3, 3, 0]","[3, 2, -1]",0.6666666666666666,0.05567947216331959,1.0,1.0,False,0,1
697,"[1.0, 4.0, 0.0, 2.0, 2.0, 2.0, 2.0]","[0.0, 4.0, 0.0, 2.0, 2.0, 2.0, 2.0]","Agent: 1.0 Monster: 4.0 Trees: [{7: 2}, {12: 2}, {17: 2}, {22: 2}]","Agent: 0.0 Monster: 4.0 Trees: [{7: 2}, {12: 2}, {17: 2}, {22: 2}]","[3, 3, 4]","[3, 2, -1]",0.6666666666666666,0.07103641703724861,0.041666666666666664,0.6,False,0,1
741,"[21.0, 23.0, 1.0, 2.0, 2.0, 0.0, 1.0]","[15.0, 23.0, 1.0, 2.0, 2.0, 0.0, 1.0]","Agent: 21.0 Monster: 23.0 Trees: [{2: 1}, {7: 2}, {12: 2}, {22: 1}]","Agent: 15.0 Monster: 23.0 Trees: [{2: 1}, {7: 2}, {12: 2}, {22: 1}]","[1, 1, 1]","[5, 3, 2]",1.0,0.03183657769113779,1.0,0.4,False,0,1
842,"[15.0, 19.0, 1.0, 2.0, 1.0, 1.0, 0.0]","[16.0, 19.0, 1.0, 2.0, 1.0, 1.0, 0.0]","Agent: 15.0 Monster: 19.0 Trees: [{2: 1}, {7: 2}, {12: 1}, {17: 1}]","Agent: 16.0 Monster: 19.0 Trees: [{2: 1}, {7: 2}, {12: 1}, {17: 1}]","[1, 1, 1]","[2, 0, -1]",0.6666666666666666,0.39073246717453003,0.75,0.6,False,0,1
849,"[16.0, 23.0, 1.0, 1.0, 0.0, 0.0, 2.0]","[21.0, 23.0, 1.0, 1.0, 0.0, 0.0, 2.0]","Agent: 16.0 Monster: 23.0 Trees: [{2: 1}, {7: 1}, {22: 2}]","Agent: 21.0 Monster: 23.0 Trees: [{2: 1}, {7: 1}, {22: 2}]","[1, 1, 1]","[5, 1, 0]",1.0,0.16715148106838265,1.0,0.4,False,0,1
905,"[0.0, 4.0, 0.0, 2.0, 2.0, 1.0, 1.0]","[1.0, 4.0, 0.0, 2.0, 2.0, 1.0, 1.0]","Agent: 0.0 Monster: 4.0 Trees: [{7: 2}, {12: 2}, {17: 1}, {22: 1}]","Agent: 1.0 Monster: 4.0 Trees: [{7: 2}, {12: 2}, {17: 1}, {22: 1}]","[3, 3, 3]","[3, 2, 0]",1.0,0.051292940974235535,1.0,0.3,False,0,1
924,"[1.0, 4.0, 2.0, 2.0, 2.0, 2.0, 2.0]","[0.0, 4.0, 2.0, 2.0, 2.0, 2.0, 2.0]","Agent: 1.0 Monster: 4.0 Trees: [{2: 2}, {7: 2}, {12: 2}, {17: 2}, {22: 2}]","Agent: 0.0 Monster: 4.0 Trees: [{2: 2}, {7: 2}, {12: 2}, {17: 2}, {22: 2}]","[3, 0, 3]","[2, 2, -1]",0.6666666666666666,0.09925593994557858,0.5625,1.0,False,0,1
924,"[1.0, 4.0, 2.0, 2.0, 2.0, 2.0, 2.0]","[0.0, 4.0, 2.0, 2.0, 2.0, 2.0, 2.0]","Agent: 1.0 Monster: 4.0 Trees: [{2: 2}, {7: 2}, {12: 2}, {17: 2}, {22: 2}]","Agent: 0.0 Monster: 4.0 Trees: [{2: 2}, {7: 2}, {12: 2}, {17: 2}, {22: 2}]","[3, 0, 3]","[3, 5, 3]",1.0,0.2749357446252058,0.7999999999999999,0.1,False,0,1
937,"[21.0, 23.0, 2.0, 1.0, 1.0, 1.0, 1.0]","[16.0, 23.0, 2.0, 1.0, 1.0, 1.0, 1.0]","Agent: 21.0 Monster: 23.0 Trees: [{2: 2}, {7: 1}, {12: 1}, {17: 1}, {22: 1}]","Agent: 16.0 Monster: 23.0 Trees: [{2: 2}, {7: 1}, {12: 1}, {17: 1}, {22: 1}]","[1, 1, 0]","[1, 3, -1]",0.6666666666666666,0.06348541844636202,0.05,1.0,False,0,1
937,"[21.0, 23.0, 2.0, 1.0, 1.0, 1.0, 1.0]","[16.0, 23.0, 2.0, 1.0, 1.0, 1.0, 1.0]","Agent: 21.0 Monster: 23.0 Trees: [{2: 2}, {7: 1}, {12: 1}, {17: 1}, {22: 1}]","Agent: 16.0 Monster: 23.0 Trees: [{2: 2}, {7: 1}, {12: 1}, {17: 1}, {22: 1}]","[1, 1, 0]","[1, 0, -1]",0.6666666666666666,0.45521798729896545,1.0,0.1,False,0,1
947,"[11.0, 13.0, 2.0, 1.0, 1.0, 1.0, 2.0]","[5.0, 13.0, 2.0, 1.0, 1.0, 1.0, 2.0]","Agent: 11.0 Monster: 13.0 Trees: [{2: 2}, {7: 1}, {12: 1}, {17: 1}, {22: 2}]","Agent: 5.0 Monster: 13.0 Trees: [{2: 2}, {7: 1}, {12: 1}, {17: 1}, {22: 2}]","[1, 1, 0]","[3, 2, 4]",1.0,0.0654250904917717,0.7037037037037037,1.0,False,0,1
990,"[6.0, 9.0, 2.0, 2.0, 1.0, 1.0, 0.0]","[15.0, 9.0, 2.0, 2.0, 1.0, 1.0, 0.0]","Agent: 6.0 Monster: 9.0 Trees: [{2: 2}, {7: 2}, {12: 1}, {17: 1}]","Agent: 15.0 Monster: 9.0 Trees: [{2: 2}, {7: 2}, {12: 1}, {17: 1}]","[3, 3, 3]","[1, 1, 2]",1.0,0.062278797229131065,1.0,0.5,False,0,1
990,"[6.0, 9.0, 2.0, 2.0, 1.0, 1.0, 0.0]","[15.0, 9.0, 2.0, 2.0, 1.0, 1.0, 0.0]","Agent: 6.0 Monster: 9.0 Trees: [{2: 2}, {7: 2}, {12: 1}, {17: 1}]","Agent: 15.0 Monster: 9.0 Trees: [{2: 2}, {7: 2}, {12: 1}, {17: 1}]","[3, 3, 3]","[1, 2, 3]",1.0,0.24326792359352112,1.0,0.1,False,0,1
994,"[1.0, 3.0, 0.0, 1.0, 2.0, 2.0, 1.0]","[0.0, 3.0, 0.0, 1.0, 2.0, 2.0, 1.0]","Agent: 1.0 Monster: 3.0 Trees: [{7: 1}, {12: 2}, {17: 2}, {22: 1}]","Agent: 0.0 Monster: 3.0 Trees: [{7: 1}, {12: 2}, {17: 2}, {22: 1}]","[3, 0, 4]","[4, 2, 2]",1.0,0.09584512064854304,0.6754385964912281,0.4,False,0,1
995,"[16.0, 23.0, 2.0, 1.0, 2.0, 0.0, 2.0]","[20.0, 23.0, 2.0, 1.0, 2.0, 0.0, 2.0]","Agent: 16.0 Monster: 23.0 Trees: [{2: 2}, {7: 1}, {12: 2}, {22: 2}]","Agent: 20.0 Monster: 23.0 Trees: [{2: 2}, {7: 1}, {12: 2}, {22: 2}]","[1, 1, 1]","[1, 2, 1]",1.0,0.23100740710894266,0.7999999999999999,0.7,False,0,1
1008,"[1.0, 3.0, 2.0, 1.0, 1.0, 0.0, 2.0]","[1.0, 3.0, 2.0, 1.0, 1.0, 0.0, 2.0]","Agent: 1.0 Monster: 3.0 Trees: [{2: 2}, {7: 1}, {12: 1}, {22: 2}]","Agent: 1.0 Monster: 3.0 Trees: [{2: 2}, {7: 1}, {12: 1}, {22: 2}]","[3, 3, 3]","[0, 0, 5]",1.0,0.08611252640063564,1.0,0.5,False,0,1
1024,"[16.0, 19.0, 1.0, 0.0, 2.0, 2.0, 1.0]","[15.0, 19.0, 1.0, 0.0, 2.0, 2.0, 1.0]","Agent: 16.0 Monster: 19.0 Trees: [{2: 1}, {12: 2}, {17: 2}, {22: 1}]","Agent: 15.0 Monster: 19.0 Trees: [{2: 1}, {12: 2}, {17: 2}, {22: 1}]","[1, 1, 0]","[2, 5, 4]",1.0,0.04432596840585271,1.0,0.6,False,0,1
1024,"[16.0, 19.0, 1.0, 0.0, 2.0, 2.0, 1.0]","[15.0, 19.0, 1.0, 0.0, 2.0, 2.0, 1.0]","Agent: 16.0 Monster: 19.0 Trees: [{2: 1}, {12: 2}, {17: 2}, {22: 1}]","Agent: 15.0 Monster: 19.0 Trees: [{2: 1}, {12: 2}, {17: 2}, {22: 1}]","[1, 1, 0]","[4, 1, 1]",1.0,0.2525189345081647,0.8333333333333334,0.1,False,0,1
1041,"[21.0, 23.0, 0.0, 1.0, 0.0, 2.0, 0.0]","[20.0, 23.0, 0.0, 1.0, 0.0, 2.0, 0.0]","Agent: 21.0 Monster: 23.0 Trees: [{7: 1}, {17: 2}]","Agent: 20.0 Monster: 23.0 Trees: [{7: 1}, {17: 2}]","[0, 1, 4]","[4, 2, 1]",1.0,0.08295599619547527,1.0,0.2,False,0,1
1073,"[20.0, 23.0, 2.0, 2.0, 1.0, 1.0, 0.0]","[21.0, 23.0, 2.0, 2.0, 1.0, 1.0, 0.0]","Agent: 20.0 Monster: 23.0 Trees: [{2: 2}, {7: 2}, {12: 1}, {17: 1}]","Agent: 21.0 Monster: 23.0 Trees: [{2: 2}, {7: 2}, {12: 1}, {17: 1}]","[1, 1, 1]","[0, 2, 0]",1.0,0.08559226493040721,0.6881720430107526,0.7,False,0,1
1083,"[11.0, 13.0, 0.0, 2.0, 0.0, 2.0, 0.0]","[0.0, 13.0, 0.0, 2.0, 0.0, 2.0, 0.0]","Agent: 11.0 Monster: 13.0 Trees: [{7: 2}, {17: 2}]","Agent: 0.0 Monster: 13.0 Trees: [{7: 2}, {17: 2}]","[3, 3, 4]","[3, 2, 3]",1.0,0.018899099280436833,1.0,0.1,False,0,1
1087,"[16.0, 18.0, 0.0, 0.0, 2.0, 2.0, 2.0]","[15.0, 18.0, 0.0, 0.0, 2.0, 2.0, 2.0]","Agent: 16.0 Monster: 18.0 Trees: [{12: 2}, {17: 2}, {22: 2}]","Agent: 15.0 Monster: 18.0 Trees: [{12: 2}, {17: 2}, {22: 2}]","[1, 1, 1]","[0, 2, 2]",1.0,0.13107454776763916,1.0,0.3,False,0,1
1095,"[21.0, 23.0, 2.0, 0.0, 1.0, 1.0, 0.0]","[20.0, 23.0, 2.0, 0.0, 1.0, 1.0, 0.0]","Agent: 21.0 Monster: 23.0 Trees: [{2: 2}, {12: 1}, {17: 1}]","Agent: 20.0 Monster: 23.0 Trees: [{2: 2}, {12: 1}, {17: 1}]","[0, 1, 4]","[4, 1, 2]",1.0,0.08044284582138062,0.38666666666666666,0.1,False,0,1
1111,"[6.0, 9.0, 1.0, 2.0, 2.0, 2.0, 2.0]","[15.0, 9.0, 1.0, 2.0, 2.0, 2.0, 2.0]","Agent: 6.0 Monster: 9.0 Trees: [{2: 1}, {7: 2}, {12: 2}, {17: 2}, {22: 2}]","Agent: 15.0 Monster: 9.0 Trees: [{2: 1}, {7: 2}, {12: 2}, {17: 2}, {22: 2}]","[3, 3, 3]","[2, 1, 1]",1.0,0.043623458594083786,1.0,1.0,False,0,1
1111,"[6.0, 9.0, 1.0, 2.0, 2.0, 2.0, 2.0]","[15.0, 9.0, 1.0, 2.0, 2.0, 2.0, 2.0]","Agent: 6.0 Monster: 9.0 Trees: [{2: 1}, {7: 2}, {12: 2}, {17: 2}, {22: 2}]","Agent: 15.0 Monster: 9.0 Trees: [{2: 1}, {7: 2}, {12: 2}, {17: 2}, {22: 2}]","[3, 3, 3]","[1, 3, 2]",1.0,0.2519320125381152,1.0,0.2,False,0,1
1153,"[16.0, 23.0, 2.0, 2.0, 1.0, 0.0, 2.0]","[11.0, 23.0, 2.0, 2.0, 1.0, 0.0, 2.0]","Agent: 16.0 Monster: 23.0 Trees: [{2: 2}, {7: 2}, {12: 1}, {22: 2}]","Agent: 11.0 Monster: 23.0 Trees: [{2: 2}, {7: 2}, {12: 1}, {22: 2}]","[1, 1, 1]","[3, 2, 0]",1.0,0.15655349070827165,1.0,0.2,False,0,1
1153,"[16.0, 23.0, 2.0, 2.0, 1.0, 0.0, 2.0]","[11.0, 23.0, 2.0, 2.0, 1.0, 0.0, 2.0]","Agent: 16.0 Monster: 23.0 Trees: [{2: 2}, {7: 2}, {12: 1}, {22: 2}]","Agent: 11.0 Monster: 23.0 Trees: [{2: 2}, {7: 2}, {12: 1}, {22: 2}]","[1, 1, 1]","[1, 1, 0]",1.0,0.4272172848383586,0.5833333333333334,0.1,False,0,1
1166,"[5.0, 8.0, 1.0, 0.0, 1.0, 2.0, 2.0]","[6.0, 8.0, 1.0, 0.0, 1.0, 2.0, 2.0]","Agent: 5.0 Monster: 8.0 Trees: [{2: 1}, {12: 1}, {17: 2}, {22: 2}]","Agent: 6.0 Monster: 8.0 Trees: [{2: 1}, {12: 1}, {17: 2}, {22: 2}]","[3, 3, 3]","[0, 1, 3]",1.0,0.2318572991838058,0.511904761904762,0.6,False,0,1
1170,"[11.0, 13.0, 1.0, 2.0, 2.0, 2.0, 2.0]","[5.0, 13.0, 1.0, 2.0, 2.0, 2.0, 2.0]","Agent: 11.0 Monster: 13.0 Trees: [{2: 1}, {7: 2}, {12: 2}, {17: 2}, {22: 2}]","Agent: 5.0 Monster: 13.0 Trees: [{2: 1}, {7: 2}, {12: 2}, {17: 2}, {22: 2}]","[0, 1, 1]","[3, 0, 2]",1.0,0.12487070138255756,0.7000000000000001,1.0,False,0,1
1170,"[11.0, 13.0, 1.0, 2.0, 2.0, 2.0, 2.0]","[5.0, 13.0, 1.0, 2.0, 2.0, 2.0, 2.0]","Agent: 11.0 Monster: 13.0 Trees: [{2: 1}, {7: 2}, {12: 2}, {17: 2}, {22: 2}]","Agent: 5.0 Monster: 13.0 Trees: [{2: 1}, {7: 2}, {12: 2}, {17: 2}, {22: 2}]","[0, 1, 1]","[4, 3, 1]",1.0,0.1750117465853691,1.0,0.1,False,0,1
1178,"[16.0, 18.0, 2.0, 2.0, 0.0, 2.0, 2.0]","[11.0, 18.0, 2.0, 2.0, 0.0, 2.0, 2.0]","Agent: 16.0 Monster: 18.0 Trees: [{2: 2}, {7: 2}, {17: 2}, {22: 2}]","Agent: 11.0 Monster: 18.0 Trees: [{2: 2}, {7: 2}, {17: 2}, {22: 2}]","[1, 1, 1]","[2, 0, 3]",1.0,0.1894905542333921,0.8333333333333334,0.4,False,0,1
1189,"[6.0, 9.0, 0.0, 2.0, 2.0, 1.0, 2.0]","[1.0, 9.0, 0.0, 2.0, 2.0, 1.0, 2.0]","Agent: 6.0 Monster: 9.0 Trees: [{7: 2}, {12: 2}, {17: 1}, {22: 2}]","Agent: 1.0 Monster: 9.0 Trees: [{7: 2}, {12: 2}, {17: 1}, {22: 2}]","[3, 3, 3]","[3, 4, 3]",1.0,0.08409299080570538,1.0,0.6,False,0,1
1192,"[6.0, 9.0, 0.0, 0.0, 0.0, 2.0, 1.0]","[5.0, 9.0, 0.0, 0.0, 0.0, 2.0, 1.0]","Agent: 6.0 Monster: 9.0 Trees: [{17: 2}, {22: 1}]","Agent: 5.0 Monster: 9.0 Trees: [{17: 2}, {22: 1}]","[3, 0, 4]","[2, 2, 4]",1.0,0.044669908471405506,1.0,0.1,False,0,1
1233,"[16.0, 18.0, 0.0, 1.0, 0.0, 0.0, 0.0]","[6.0, 18.0, 0.0, 1.0, 0.0, 0.0, 0.0]",Agent: 16.0 Monster: 18.0 Trees: [{7: 1}],Agent: 6.0 Monster: 18.0 Trees: [{7: 1}],"[1, 1, 4]","[3, 3, 0]",1.0,0.06482573691755533,1.0,0.2,False,0,1
1265,"[11.0, 14.0, 2.0, 2.0, 2.0, 2.0, 1.0]","[1.0, 14.0, 2.0, 2.0, 2.0, 2.0, 1.0]","Agent: 11.0 Monster: 14.0 Trees: [{2: 2}, {7: 2}, {12: 2}, {17: 2}, {22: 1}]","Agent: 1.0 Monster: 14.0 Trees: [{2: 2}, {7: 2}, {12: 2}, {17: 2}, {22: 1}]","[1, 1, 0]","[3, 0, 3]",1.0,0.11234657218058904,0.6923076923076922,1.0,False,0,1
1265,"[11.0, 14.0, 2.0, 2.0, 2.0, 2.0, 1.0]","[1.0, 14.0, 2.0, 2.0, 2.0, 2.0, 1.0]","Agent: 11.0 Monster: 14.0 Trees: [{2: 2}, {7: 2}, {12: 2}, {17: 2}, {22: 1}]","Agent: 1.0 Monster: 14.0 Trees: [{2: 2}, {7: 2}, {12: 2}, {17: 2}, {22: 1}]","[1, 1, 0]","[0, 5, 3]",1.0,0.14818574325181544,1.0,0.5,False,0,1
1270,"[1.0, 4.0, 2.0, 1.0, 2.0, 2.0, 2.0]","[5.0, 4.0, 2.0, 1.0, 2.0, 2.0, 2.0]","Agent: 1.0 Monster: 4.0 Trees: [{2: 2}, {7: 1}, {12: 2}, {17: 2}, {22: 2}]","Agent: 5.0 Monster: 4.0 Trees: [{2: 2}, {7: 1}, {12: 2}, {17: 2}, {22: 2}]","[3, 3, 0]","[1, 2, 5]",1.0,0.03304096012531469,1.0,1.0,False,0,1
1270,"[1.0, 4.0, 2.0, 1.0, 2.0, 2.0, 2.0]","[5.0, 4.0, 2.0, 1.0, 2.0, 2.0, 2.0]","Agent: 1.0 Monster: 4.0 Trees: [{2: 2}, {7: 1}, {12: 2}, {17: 2}, {22: 2}]","Agent: 5.0 Monster: 4.0 Trees: [{2: 2}, {7: 1}, {12: 2}, {17: 2}, {22: 2}]","[3, 3, 0]","[0, 3, 2]",1.0,0.34449081867933273,1.0,0.1,False,0,1
1278,"[11.0, 14.0, 1.0, 0.0, 0.0, 2.0, 0.0]","[0.0, 14.0, 1.0, 0.0, 0.0, 2.0, 0.0]","Agent: 11.0 Monster: 14.0 Trees: [{2: 1}, {17: 2}]","Agent: 0.0 Monster: 14.0 Trees: [{2: 1}, {17: 2}]","[1, 0, 4]","[3, 3, 2]",1.0,0.03615713398903608,1.0,0.3,False,0,1
1293,"[11.0, 13.0, 1.0, 1.0, 0.0, 1.0, 1.0]","[5.0, 13.0, 1.0, 1.0, 0.0, 1.0, 1.0]","Agent: 11.0 Monster: 13.0 Trees: [{2: 1}, {7: 1}, {17: 1}, {22: 1}]","Agent: 5.0 Monster: 13.0 Trees: [{2: 1}, {7: 1}, {17: 1}, {22: 1}]","[1, 1, 4]","[2, 2, 3]",1.0,0.047885507655640445,1.0,0.6,False,0,1
1293,"[11.0, 13.0, 1.0, 1.0, 0.0, 1.0, 1.0]","[5.0, 13.0, 1.0, 1.0, 0.0, 1.0, 1.0]","Agent: 11.0 Monster: 13.0 Trees: [{2: 1}, {7: 1}, {17: 1}, {22: 1}]","Agent: 5.0 Monster: 13.0 Trees: [{2: 1}, {7: 1}, {17: 1}, {22: 1}]","[1, 1, 4]","[3, 2, 1]",1.0,0.2572271128495534,1.0,0.3,False,0,1
1312,"[11.0, 13.0, 2.0, 0.0, 2.0, 0.0, 2.0]","[1.0, 13.0, 2.0, 0.0, 2.0, 0.0, 2.0]","Agent: 11.0 Monster: 13.0 Trees: [{2: 2}, {12: 2}, {22: 2}]","Agent: 1.0 Monster: 13.0 Trees: [{2: 2}, {12: 2}, {22: 2}]","[3, 3, 0]","[5, 3, 3]",1.0,0.076198987585182,1.0,0.3,False,0,1
1335,"[16.0, 18.0, 0.0, 2.0, 0.0, 0.0, 2.0]","[15.0, 18.0, 0.0, 2.0, 0.0, 0.0, 2.0]","Agent: 16.0 Monster: 18.0 Trees: [{7: 2}, {22: 2}]","Agent: 15.0 Monster: 18.0 Trees: [{7: 2}, {22: 2}]","[1, 0, 4]","[2, 1, 3]",1.0,0.2536933332060774,0.8333333333333334,0.1,False,0,1
1373,"[1.0, 3.0, 0.0, 2.0, 1.0, 1.0, 2.0]","[0.0, 3.0, 0.0, 2.0, 1.0, 1.0, 2.0]","Agent: 1.0 Monster: 3.0 Trees: [{7: 2}, {12: 1}, {17: 1}, {22: 2}]","Agent: 0.0 Monster: 3.0 Trees: [{7: 2}, {12: 1}, {17: 1}, {22: 2}]","[3, 3, 4]","[3, 4, 2]",1.0,0.055878423154354095,0.3717948717948718,0.8,False,0,1
1390,"[21.0, 23.0, 1.0, 2.0, 0.0, 1.0, 0.0]","[15.0, 23.0, 1.0, 2.0, 0.0, 1.0, 0.0]","Agent: 21.0 Monster: 23.0 Trees: [{2: 1}, {7: 2}, {17: 1}]","Agent: 15.0 Monster: 23.0 Trees: [{2: 1}, {7: 2}, {17: 1}]","[1, 1, 4]","[2, 2, 3]",1.0,0.05926951176176468,1.0,0.3,False,0,1
1390,"[21.0, 23.0, 1.0, 2.0, 0.0, 1.0, 0.0]","[15.0, 23.0, 1.0, 2.0, 0.0, 1.0, 0.0]","Agent: 21.0 Monster: 23.0 Trees: [{2: 1}, {7: 2}, {17: 1}]","Agent: 15.0 Monster: 23.0 Trees: [{2: 1}, {7: 2}, {17: 1}]","[1, 1, 4]","[2, 4, 1]",1.0,0.28843235472838086,1.0,0.2,False,0,1
1394,"[1.0, 4.0, 0.0, 0.0, 1.0, 0.0, 1.0]","[0.0, 4.0, 0.0, 0.0, 1.0, 0.0, 1.0]","Agent: 1.0 Monster: 4.0 Trees: [{12: 1}, {22: 1}]","Agent: 0.0 Monster: 4.0 Trees: [{12: 1}, {22: 1}]","[3, 0, 4]","[1, 2, 3]",1.0,0.28584933234378695,0.8888888888888888,0.2,False,0,1
1394,"[1.0, 4.0, 0.0, 0.0, 1.0, 0.0, 1.0]","[0.0, 4.0, 0.0, 0.0, 1.0, 0.0, 1.0]","Agent: 1.0 Monster: 4.0 Trees: [{12: 1}, {22: 1}]","Agent: 0.0 Monster: 4.0 Trees: [{12: 1}, {22: 1}]","[3, 0, 4]","[0, 2, 3]",1.0,0.3248332440853119,0.8888888888888888,0.1,False,0,1
1426,"[21.0, 23.0, 0.0, 0.0, 2.0, 2.0, 1.0]","[6.0, 23.0, 0.0, 0.0, 2.0, 2.0, 1.0]","Agent: 21.0 Monster: 23.0 Trees: [{12: 2}, {17: 2}, {22: 1}]","Agent: 6.0 Monster: 23.0 Trees: [{12: 2}, {17: 2}, {22: 1}]","[1, 1, 1]","[4, 3, 1]",1.0,0.2307897818585237,1.0,0.1,False,0,1
1481,"[16.0, 18.0, 1.0, 0.0, 1.0, 1.0, 2.0]","[15.0, 18.0, 1.0, 0.0, 1.0, 1.0, 2.0]","Agent: 16.0 Monster: 18.0 Trees: [{2: 1}, {12: 1}, {17: 1}, {22: 2}]","Agent: 15.0 Monster: 18.0 Trees: [{2: 1}, {12: 1}, {17: 1}, {22: 2}]","[1, 1, 0]","[2, 4, -1]",0.6666666666666666,0.12489134725183249,1.0,0.6,False,0,1
1481,"[16.0, 18.0, 1.0, 0.0, 1.0, 1.0, 2.0]","[15.0, 18.0, 1.0, 0.0, 1.0, 1.0, 2.0]","Agent: 16.0 Monster: 18.0 Trees: [{2: 1}, {12: 1}, {17: 1}, {22: 2}]","Agent: 15.0 Monster: 18.0 Trees: [{2: 1}, {12: 1}, {17: 1}, {22: 2}]","[1, 1, 0]","[4, 1, 1]",1.0,0.38577883193890256,1.0,0.1,False,0,1
1483,"[6.0, 8.0, 2.0, 1.0, 2.0, 2.0, 2.0]","[1.0, 8.0, 2.0, 1.0, 2.0, 2.0, 2.0]","Agent: 6.0 Monster: 8.0 Trees: [{2: 2}, {7: 1}, {12: 2}, {17: 2}, {22: 2}]","Agent: 1.0 Monster: 8.0 Trees: [{2: 2}, {7: 1}, {12: 2}, {17: 2}, {22: 2}]","[0, 3, 3]","[3, 2, 0]",1.0,0.13677084694306055,1.0,1.0,False,0,1
1489,"[21.0, 23.0, 2.0, 1.0, 0.0, 1.0, 0.0]","[15.0, 23.0, 2.0, 1.0, 0.0, 1.0, 0.0]","Agent: 21.0 Monster: 23.0 Trees: [{2: 2}, {7: 1}, {17: 1}]","Agent: 15.0 Monster: 23.0 Trees: [{2: 2}, {7: 1}, {17: 1}]","[1, 1, 1]","[3, 0, 2]",1.0,0.047248114831745625,0.6833333333333332,0.1,False,0,1
1499,"[5.0, 9.0, 0.0, 0.0, 1.0, 2.0, 2.0]","[6.0, 9.0, 0.0, 0.0, 1.0, 2.0, 2.0]","Agent: 5.0 Monster: 9.0 Trees: [{12: 1}, {17: 2}, {22: 2}]","Agent: 6.0 Monster: 9.0 Trees: [{12: 1}, {17: 2}, {22: 2}]","[3, 3, 3]","[4, 0, 4]",1.0,0.08018601934115092,1.0,0.3,False,0,1
1506,"[16.0, 19.0, 2.0, 0.0, 1.0, 1.0, 2.0]","[15.0, 19.0, 2.0, 0.0, 1.0, 1.0, 2.0]","Agent: 16.0 Monster: 19.0 Trees: [{2: 2}, {12: 1}, {17: 1}, {22: 2}]","Agent: 15.0 Monster: 19.0 Trees: [{2: 2}, {12: 1}, {17: 1}, {22: 2}]","[1, 1, 1]","[5, 2, 2]",1.0,0.04585504070079575,1.0,0.3,False,0,1
1525,"[0.0, 4.0, 2.0, 1.0, 0.0, 0.0, 2.0]","[5.0, 4.0, 2.0, 1.0, 0.0, 0.0, 2.0]","Agent: 0.0 Monster: 4.0 Trees: [{2: 2}, {7: 1}, {22: 2}]","Agent: 5.0 Monster: 4.0 Trees: [{2: 2}, {7: 1}, {22: 2}]","[3, 3, 3]","[2, 2, 1]",1.0,0.13901921113332114,1.0,0.3,False,0,1
1525,"[0.0, 4.0, 2.0, 1.0, 0.0, 0.0, 2.0]","[5.0, 4.0, 2.0, 1.0, 0.0, 0.0, 2.0]","Agent: 0.0 Monster: 4.0 Trees: [{2: 2}, {7: 1}, {22: 2}]","Agent: 5.0 Monster: 4.0 Trees: [{2: 2}, {7: 1}, {22: 2}]","[3, 3, 3]","[5, 3, 3]",1.0,0.4793034147005528,1.0,0.1,False,0,1
1604,"[1.0, 4.0, 0.0, 1.0, 2.0, 2.0, 1.0]","[0.0, 4.0, 0.0, 1.0, 2.0, 2.0, 1.0]","Agent: 1.0 Monster: 4.0 Trees: [{7: 1}, {12: 2}, {17: 2}, {22: 1}]","Agent: 0.0 Monster: 4.0 Trees: [{7: 1}, {12: 2}, {17: 2}, {22: 1}]","[3, 3, 4]","[4, 2, 4]",1.0,0.06852713972330093,1.0,0.4,False,0,1
1689,"[21.0, 23.0, 2.0, 2.0, 2.0, 1.0, 0.0]","[20.0, 23.0, 2.0, 2.0, 2.0, 1.0, 0.0]","Agent: 21.0 Monster: 23.0 Trees: [{2: 2}, {7: 2}, {12: 2}, {17: 1}]","Agent: 20.0 Monster: 23.0 Trees: [{2: 2}, {7: 2}, {12: 2}, {17: 1}]","[1, 0, 4]","[2, 2, 4]",1.0,0.08126425246397655,1.0,0.4,False,0,1
1707,"[15.0, 18.0, 0.0, 2.0, 1.0, 1.0, 0.0]","[16.0, 18.0, 0.0, 2.0, 1.0, 1.0, 0.0]","Agent: 15.0 Monster: 18.0 Trees: [{7: 2}, {12: 1}, {17: 1}]","Agent: 16.0 Monster: 18.0 Trees: [{7: 2}, {12: 1}, {17: 1}]","[1, 1, 1]","[0, 3, 1]",1.0,0.41907692328095436,1.0,0.7,False,0,1
1716,"[16.0, 23.0, 1.0, 2.0, 1.0, 2.0, 2.0]","[1.0, 23.0, 1.0, 2.0, 1.0, 2.0, 2.0]","Agent: 16.0 Monster: 23.0 Trees: [{2: 1}, {7: 2}, {12: 1}, {17: 2}, {22: 2}]","Agent: 1.0 Monster: 23.0 Trees: [{2: 1}, {7: 2}, {12: 1}, {17: 2}, {22: 2}]","[1, 1, 0]","[3, 3, 3]",1.0,0.0443617490430673,1.0,1.0,False,0,1
1716,"[16.0, 23.0, 1.0, 2.0, 1.0, 2.0, 2.0]","[1.0, 23.0, 1.0, 2.0, 1.0, 2.0, 2.0]","Agent: 16.0 Monster: 23.0 Trees: [{2: 1}, {7: 2}, {12: 1}, {17: 2}, {22: 2}]","Agent: 1.0 Monster: 23.0 Trees: [{2: 1}, {7: 2}, {12: 1}, {17: 2}, {22: 2}]","[1, 1, 0]","[0, 3, 5]",1.0,0.09800392746304472,1.0,0.1,False,0,1
1733,"[16.0, 18.0, 1.0, 2.0, 1.0, 2.0, 2.0]","[11.0, 18.0, 1.0, 2.0, 1.0, 2.0, 2.0]","Agent: 16.0 Monster: 18.0 Trees: [{2: 1}, {7: 2}, {12: 1}, {17: 2}, {22: 2}]","Agent: 11.0 Monster: 18.0 Trees: [{2: 1}, {7: 2}, {12: 1}, {17: 2}, {22: 2}]","[1, 1, 1]","[0, 0, 3]",1.0,0.1467558816075325,1.0,1.0,False,0,1
1733,"[16.0, 18.0, 1.0, 2.0, 1.0, 2.0, 2.0]","[11.0, 18.0, 1.0, 2.0, 1.0, 2.0, 2.0]","Agent: 16.0 Monster: 18.0 Trees: [{2: 1}, {7: 2}, {12: 1}, {17: 2}, {22: 2}]","Agent: 11.0 Monster: 18.0 Trees: [{2: 1}, {7: 2}, {12: 1}, {17: 2}, {22: 2}]","[1, 1, 1]","[0, 1, 1]",1.0,0.40387923022111255,1.0,0.2,False,0,1
1769,"[16.0, 23.0, 2.0, 2.0, 1.0, 2.0, 0.0]","[21.0, 23.0, 2.0, 2.0, 1.0, 2.0, 0.0]","Agent: 16.0 Monster: 23.0 Trees: [{2: 2}, {7: 2}, {12: 1}, {17: 2}]","Agent: 21.0 Monster: 23.0 Trees: [{2: 2}, {7: 2}, {12: 1}, {17: 2}]","[1, 1, 1]","[1, 1, 4]",1.0,0.35251492510239285,0.6781609195402298,1.0,False,0,1
1795,"[16.0, 23.0, 2.0, 0.0, 0.0, 2.0, 2.0]","[6.0, 23.0, 2.0, 0.0, 0.0, 2.0, 2.0]","Agent: 16.0 Monster: 23.0 Trees: [{2: 2}, {17: 2}, {22: 2}]","Agent: 6.0 Monster: 23.0 Trees: [{2: 2}, {17: 2}, {22: 2}]","[1, 1, 1]","[3, 3, 4]",1.0,0.0896376979847749,1.0,0.5,False,0,1
1795,"[16.0, 23.0, 2.0, 0.0, 0.0, 2.0, 2.0]","[6.0, 23.0, 2.0, 0.0, 0.0, 2.0, 2.0]","Agent: 16.0 Monster: 23.0 Trees: [{2: 2}, {17: 2}, {22: 2}]","Agent: 6.0 Monster: 23.0 Trees: [{2: 2}, {17: 2}, {22: 2}]","[1, 1, 1]","[4, 3, 1]",1.0,0.3507772808273633,0.8333333333333334,0.1,False,0,1
1845,"[11.0, 14.0, 0.0, 1.0, 0.0, 1.0, 1.0]","[5.0, 14.0, 0.0, 1.0, 0.0, 1.0, 1.0]","Agent: 11.0 Monster: 14.0 Trees: [{7: 1}, {17: 1}, {22: 1}]","Agent: 5.0 Monster: 14.0 Trees: [{7: 1}, {17: 1}, {22: 1}]","[1, 0, 4]","[3, 0, 2]",1.0,0.047426046803593636,1.0,0.4,False,0,1
1858,"[1.0, 3.0, 0.0, 1.0, 2.0, 1.0, 2.0]","[0.0, 3.0, 0.0, 1.0, 2.0, 1.0, 2.0]","Agent: 1.0 Monster: 3.0 Trees: [{7: 1}, {12: 2}, {17: 1}, {22: 2}]","Agent: 0.0 Monster: 3.0 Trees: [{7: 1}, {12: 2}, {17: 1}, {22: 2}]","[0, 3, 4]","[4, 2, -1]",0.6666666666666666,0.0856245756149292,0.53125,0.5,False,0,1
1882,"[6.0, 8.0, 2.0, 0.0, 0.0, 2.0, 1.0]","[5.0, 8.0, 2.0, 0.0, 0.0, 2.0, 1.0]","Agent: 6.0 Monster: 8.0 Trees: [{2: 2}, {17: 2}, {22: 1}]","Agent: 5.0 Monster: 8.0 Trees: [{2: 2}, {17: 2}, {22: 1}]","[3, 3, 4]","[2, 4, 4]",1.0,0.04010609289010366,1.0,0.3,False,0,1
1900,"[16.0, 18.0, 2.0, 2.0, 1.0, 0.0, 2.0]","[1.0, 18.0, 2.0, 2.0, 1.0, 0.0, 2.0]","Agent: 16.0 Monster: 18.0 Trees: [{2: 2}, {7: 2}, {12: 1}, {22: 2}]","Agent: 1.0 Monster: 18.0 Trees: [{2: 2}, {7: 2}, {12: 1}, {22: 2}]","[1, 0, 4]","[3, 3, 3]",1.0,0.026755717272559803,0.7017543859649122,0.5,False,0,1
1949,"[6.0, 8.0, 2.0, 0.0, 2.0, 2.0, 1.0]","[5.0, 8.0, 2.0, 0.0, 2.0, 2.0, 1.0]","Agent: 6.0 Monster: 8.0 Trees: [{2: 2}, {12: 2}, {17: 2}, {22: 1}]","Agent: 5.0 Monster: 8.0 Trees: [{2: 2}, {12: 2}, {17: 2}, {22: 1}]","[1, 0, 4]","[4, 2, 4]",1.0,0.060185096537073456,0.6904761904761904,0.6,False,0,1
2020,"[20.0, 23.0, 1.0, 1.0, 0.0, 0.0, 1.0]","[15.0, 23.0, 1.0, 1.0, 0.0, 0.0, 1.0]","Agent: 20.0 Monster: 23.0 Trees: [{2: 1}, {7: 1}, {22: 1}]","Agent: 15.0 Monster: 23.0 Trees: [{2: 1}, {7: 1}, {22: 1}]","[1, 1, 1]","[3, 5, -1]",0.6666666666666666,0.015488560544326901,1.0,0.4,False,0,1
2020,"[20.0, 23.0, 1.0, 1.0, 0.0, 0.0, 1.0]","[15.0, 23.0, 1.0, 1.0, 0.0, 0.0, 1.0]","Agent: 20.0 Monster: 23.0 Trees: [{2: 1}, {7: 1}, {22: 1}]","Agent: 15.0 Monster: 23.0 Trees: [{2: 1}, {7: 1}, {22: 1}]","[1, 1, 1]","[4, 1, 1]",1.0,0.3549358695745468,1.0,0.1,False,0,1
2066,"[0.0, 3.0, 2.0, 0.0, 2.0, 2.0, 2.0]","[1.0, 3.0, 2.0, 0.0, 2.0, 2.0, 2.0]","Agent: 0.0 Monster: 3.0 Trees: [{2: 2}, {12: 2}, {17: 2}, {22: 2}]","Agent: 1.0 Monster: 3.0 Trees: [{2: 2}, {12: 2}, {17: 2}, {22: 2}]","[3, 3, 3]","[3, 0, 5]",1.0,0.2140132475954791,0.5,0.7,False,0,1
2069,"[21.0, 23.0, 0.0, 1.0, 1.0, 1.0, 0.0]","[5.0, 23.0, 0.0, 1.0, 1.0, 1.0, 0.0]","Agent: 21.0 Monster: 23.0 Trees: [{7: 1}, {12: 1}, {17: 1}]","Agent: 5.0 Monster: 23.0 Trees: [{7: 1}, {12: 1}, {17: 1}]","[1, 1, 4]",,1.0,1.0,1.0,1.0,1,0,0
2087,"[11.0, 13.0, 1.0, 0.0, 0.0, 0.0, 1.0]","[0.0, 13.0, 1.0, 0.0, 0.0, 0.0, 1.0]","Agent: 11.0 Monster: 13.0 Trees: [{2: 1}, {22: 1}]","Agent: 0.0 Monster: 13.0 Trees: [{2: 1}, {22: 1}]","[1, 1, 4]","[3, 2, 3]",1.0,0.03537858805308739,1.0,0.2,False,0,1
2139,"[15.0, 23.0, 2.0, 2.0, 0.0, 0.0, 0.0]","[21.0, 23.0, 2.0, 2.0, 0.0, 0.0, 0.0]","Agent: 15.0 Monster: 23.0 Trees: [{2: 2}, {7: 2}]","Agent: 21.0 Monster: 23.0 Trees: [{2: 2}, {7: 2}]","[1, 1, 1]","[5, 1, 0]",1.0,0.29648749087937176,0.8333333333333334,0.1,False,0,1
2148,"[20.0, 23.0, 1.0, 1.0, 2.0, 1.0, 0.0]","[21.0, 23.0, 1.0, 1.0, 2.0, 1.0, 0.0]","Agent: 20.0 Monster: 23.0 Trees: [{2: 1}, {7: 1}, {12: 2}, {17: 1}]","Agent: 21.0 Monster: 23.0 Trees: [{2: 1}, {7: 1}, {12: 2}, {17: 1}]","[1, 1, 1]","[2, 0, 4]",1.0,0.3839419533809026,0.7424242424242425,0.9,False,0,1
2231,"[5.0, 4.0, 1.0, 2.0, 2.0, 2.0, 2.0]","[1.0, 4.0, 1.0, 2.0, 2.0, 2.0, 2.0]","Agent: 5.0 Monster: 4.0 Trees: [{2: 1}, {7: 2}, {12: 2}, {17: 2}, {22: 2}]","Agent: 1.0 Monster: 4.0 Trees: [{2: 1}, {7: 2}, {12: 2}, {17: 2}, {22: 2}]","[3, 3, 3]","[2, 3, 0]",1.0,0.3691658874352773,0.7777777777777778,1.0,False,0,1
2274,"[15.0, 23.0, 1.0, 2.0, 1.0, 2.0, 2.0]","[16.0, 23.0, 1.0, 2.0, 1.0, 2.0, 2.0]","Agent: 15.0 Monster: 23.0 Trees: [{2: 1}, {7: 2}, {12: 1}, {17: 2}, {22: 2}]","Agent: 16.0 Monster: 23.0 Trees: [{2: 1}, {7: 2}, {12: 1}, {17: 2}, {22: 2}]","[1, 1, 1]","[5, 0, 5]",1.0,0.1356688835658133,1.0,1.0,False,0,1
2374,"[1.0, 3.0, 1.0, 0.0, 1.0, 1.0, 0.0]","[0.0, 3.0, 1.0, 0.0, 1.0, 1.0, 0.0]","Agent: 1.0 Monster: 3.0 Trees: [{2: 1}, {12: 1}, {17: 1}]","Agent: 0.0 Monster: 3.0 Trees: [{2: 1}, {12: 1}, {17: 1}]","[0, 3, 3]","[1, 3, 2]",1.0,0.24284235822657743,0.8333333333333334,0.6,False,0,1
2374,"[1.0, 3.0, 1.0, 0.0, 1.0, 1.0, 0.0]","[0.0, 3.0, 1.0, 0.0, 1.0, 1.0, 0.0]","Agent: 1.0 Monster: 3.0 Trees: [{2: 1}, {12: 1}, {17: 1}]","Agent: 0.0 Monster: 3.0 Trees: [{2: 1}, {12: 1}, {17: 1}]","[0, 3, 3]","[3, 3, 3]",1.0,0.32409045100212097,1.0,0.3,False,0,1
2383,"[1.0, 3.0, 1.0, 1.0, 2.0, 0.0, 2.0]","[5.0, 3.0, 1.0, 1.0, 2.0, 0.0, 2.0]","Agent: 1.0 Monster: 3.0 Trees: [{2: 1}, {7: 1}, {12: 2}, {22: 2}]","Agent: 5.0 Monster: 3.0 Trees: [{2: 1}, {7: 1}, {12: 2}, {22: 2}]","[3, 3, 3]","[5, 1, 2]",1.0,0.015832390092934173,0.7083333333333334,0.2,False,0,1
2391,"[1.0, 4.0, 1.0, 1.0, 0.0, 0.0, 2.0]","[0.0, 4.0, 1.0, 1.0, 0.0, 0.0, 2.0]","Agent: 1.0 Monster: 4.0 Trees: [{2: 1}, {7: 1}, {22: 2}]","Agent: 0.0 Monster: 4.0 Trees: [{2: 1}, {7: 1}, {22: 2}]","[3, 3, 3]","[2, 5, 3]",1.0,0.04204976263766488,1.0,0.2,False,0,1
